<package>
  <description brief="cmd_vel_mux">

     A multiplexer for command velocity inputs. Arbitrates incoming cmd_vel messages from several topics,
     allowing just topic at a time to command the robot, based on priorities. It also deallocates current
     allowed topic if no messages are received after a configured timeout. All topics, together with their
     priority and timeout are configured through a YAML file, that can be reload at runtime.

  </description>
  <author>Jorge Santos</author>
  <license>BSD</license>
  <review status="unreviewed" notes=""/>
  <url>http://ros.org/wiki/cmd_vel_mux</url>

  <depend package="roscpp"/>
  <depend package="nodelet"/>
  <depend package="dynamic_reconfigure"/>

  <rosdep name="yaml-cpp"/>

  <export>
    <nodelet plugin="${prefix}/plugins/nodelet_plugins.xml" />
  </export>
</package>
