<package>
  <description brief="yocs_velocity_smoother">

     Bound incoming velocity messages according to robot velocity and acceleration limits

  </description>
  <author>Jorge Santos</author>
  <license>BSD</license>
  <review status="unreviewed" notes=""/>
  <url>http://ros.org/wiki/yocs_velocity_smoother</url>

  <depend package="roscpp"/>
  <depend package="nodelet"/>

  <depend package="ecl_threads"/>
  <depend package="geometry_msgs"/>
  <depend package="nav_msgs"/>

  <depend package="dynamic_reconfigure"/>

  <export>
    <nodelet plugin="${prefix}/plugins/nodelet_plugins.xml"/>
  </export>
</package>
